Harga,Luas,Daerah,Jenis,Desc
271600000,97,"Bandung, Arcamanik","JARANG ADA...!! 1 Kavling lagi,Matang Siap Bangun Di Cisaranten Arcamanik, Arcamanik, Bandung",Tanah
276450000,97,"Bandung, Arcamanik","Tanah Murah..!! 1 Kavling lagi,Matang Siap Bangun Di Cisaranten Arcamanik, Arcamanik, Bandung",Tanah
280000000,100,"Bandung, Arcamanik","Kavling murah siap bangun, Arcamanik, Bandung",Tanah
447200000,104,"Bandung, Arcamanik","tanah hook siap bangun arcamanik, Arcamanik, Bandung",Tanah
408000000,120,"Bandung, Arcamanik","Tanah matang cisaranten, Arcamanik, Bandung",Tanah
455000000,130,"Bandung, Arcamanik","Tanah matang Arcamanik Cisaranten..Siap bangun, Arcamanik, Bandung",Tanah
458800000,148,"Bandung, Arcamanik","Tanah matang siap bangun cisaranten Bandung Timur, Arcamanik, Bandung",Tanah
480000000,160,"Bandung, Arcamanik","Tanah Matang Di Permata Bumi , Cisaranten Bandung, Arcamanik, Bandung",Tanah
512000000,160,"Bandung, Arcamanik","Tanah Arcamanik Cisaranten Lokasi Bagus, Arcamanik, Bandung",Tanah
900000000,300,"Bandung, Arcamanik","Tanah Sudah Di Urug , Cisaranten , Bandung, Arcamanik, Bandung",Tanah
1050000000,300,"Bandung, Arcamanik","Tanah Arcamanik Cisaranten Lokasi bagus, Arcamanik, Bandung",Tanah
1050000000,300,"Bandung, Arcamanik","Tanah Murah Di Cisaranten Arcamanik, Arcamanik, Bandung",Tanah
1500000000,500,"Bandung, Arcamanik","Tanah matang sudah di urug , Cisaranten , Bandung, Arcamanik, Bandung",Tanah
1500000000,500,"Bandung, Arcamanik","Tanah matang dekat ke mesjid ,Cisaranten , Bandung, Arcamanik, Bandung",Tanah
1500000000,500,"Bandung, Arcamanik","Tanah Arcamanik Cisaranten Lokasi Bagus, Jalan Lebar, Arcamanik, Bandung",Tanah
1740000000,600,"Bandung, Arcamanik","Tanah harga wajar 600 mtr di arcamanik , Bandung, Arcamanik, Bandung",Tanah
1800000000,600,"Bandung, Arcamanik","Tanah Bagus Di Cisaranten , Bandung, Arcamanik, Bandung",Tanah
2286000000,762,"Bandung, Arcamanik","Tanah Bagus Buat Cluster , Cisaranten , Bandung, Arcamanik, Bandung",Tanah
3000000000,1000,"Bandung, Arcamanik","Tanah Matang Dan Bagus Di Cingised ,Bandung jawa Barat, Arcamanik, Bandung",Tanah
2530000000,1000,"Bandung, Arcamanik","kavling padat siap bangun, Arcamanik, Bandung",Tanah
4865000000,1390,"Bandung, Arcamanik","Tanah Di Arcamanik selangkah ke Griya Arcamanik, Arcamanik, Bandung",Tanah
7687500000,3075,"Bandung, Arcamanik","Tanah Matang Cocok Untuk Perumahan Di Cisaranten, Arcamanik, Bandung",Tanah
216000000,72,"Bandung, Ujungberung","Tanah / Kavling siap bangun di Bandung Timur ( 100 Kav ), Ujungberung, Bandung",Tanah
216000000,72,"Bandung, Ujungberung","Tanah / Kavling Siap Bangun Di Bandung Timur ( 100 Kav ) Rp. 3.000.000/m², Ujungberung, Bandung",Tanah
216000000,72,"Bandung, Ujungberung","Tanah Kavling Bandung Timur ( 100 kav ), Ujungberung, Bandung",Tanah
252000000,72,"Bandung, Ujungberung","Kavling siap Bangun kodya Bandung,,, wilayah Bandung Timur, Ujungberung, Bandung",Tanah
260000000,158,"Bandung, Ujungberung","tanah cocok  usaha ujung berung, Ujungberung, Bandung",Tanah
262500000,75,"Bandung, Ujungberung","kavling siap bangun view menawan bandung timur, Ujungberung, Bandung",Tanah
314500000,170,"Bandung, Ujungberung","Tanah Murah di Komp.Uber Bandung Timur, Ujungberung, Bandung",Tanah
410000000,420,"Bandung, Ujungberung","MURAH.. TANAH 420 M2 DI DALAM KOMPLEK., Ujungberung, Bandung",Tanah
750000000,150,"Bandung, Ujungberung","Kavling Siap Bangun di Kawasan Clustes Town House Cipaganti Dreamland Ujung berung, Ujungberung, Bandung",Tanah
760000000,400,"Bandung, Ujungberung","Tanah Murah di Komp.Panghegar Bandung Timur, Ujungberung, Bandung",Tanah
780000000,312,"Bandung, Ujungberung","Tanah Hoek di Komp.Pertamina Sukarno Hatta, Ujungberung, Bandung",Tanah
6336000000,3168,"Bandung, Ujungberung","tanah murah dan padat di ujung berung bandung timur, Ujungberung, Bandung",Tanah
6683250000,1995,"Bandung, Ujungberung","Tanah Ujung berung bagus, Ujungberung, Bandung",Tanah
10412500000,8330,"Bandung, Ujungberung","tanah cipadung-ujung berung,view bandung, Ujungberung, Bandung",Tanah
12000000000,12000,"Bandung, Ujungberung","GOOD VIEW, 1Jt/m, akses dari alun-alun Ujung berung,Perizinan LENGKAP BonuS, Ujungberung, Bandung",Tanah
12000000000,12000,"Bandung, Ujungberung","lahan luas 1,2 ha dekat buana hill top Bandung timur, Ujungberung, Bandung",Tanah
